,SeriousDlqin2yrs,RevolvingUtilizationOfUnsecuredLines,age,NumberOfTime30-59DaysPastDueNotWorse,DebtRatio,MonthlyIncome,NumberOfOpenCreditLinesAndLoans,NumberOfTimes90DaysLate,NumberRealEstateLoansOrLines,NumberOfTime60-89DaysPastDueNotWorse,NumberOfDependents
1,1,0.766126609,45,2,0.802982129,9120,13,0,6,0,2
14,1,0.964672555,40,3,0.382964747,13700,9,3,1,1,2
22,1,0.025655677,38,0,0.475841386,3000,7,0,1,0,2
26,1,0.392248482,50,0,1.595253368,4676,14,0,3,0,1
27,0,0.052436094,58,0,0.097672186,8333,22,0,1,0,0
28,0,0.034421473,69,0,0.042383047,2500,17,0,0,0,1